label,value
BHARTIARTL ,BHARTIARTL.NS
ASHOKLEY ,ASHOKLEY.NS
AUROPHARMA ,AUROPHARMA.NS
SANWARIA ,SANWARIA.NS
ALMONDZ ,ALMONDZ.NS
SBIN ,SBIN.NS
BPCL ,BPCL.NS
MBECL ,MBECL.NS
MAHABANK ,MAHABANK.NS
BOSCHLTD ,BOSCHLTD.NS
IDBI ,IDBI.NS
DABUR ,DABUR.NS
DRREDDY ,DRREDDY.NS
DPSCLTD ,DPSCLTD.NS
MAHLIFE ,MAHLIFE.NS
LPDC ,LPDC.NS
KAUSHALYA ,KAUSHALYA.NS
IRB ,IRB.NS
HDIL ,HDIL.NS
HDFC ,HDFC.NS
GOENKA ,GOENKA.NS
ENERGYDEV ,ENERGYDEV.NS
SCHNEIDER ,SCHNEIDER.NS
TATAELXSI ,TATAELXSI.NS
SWARAJENG ,SWARAJENG.NS
RECLTD ,RECLTD.NS
PEL ,PEL.NS
ADANIPORTS ,ADANIPORTS.NS
OFSS ,OFSS.NS
LICHSGFIN ,LICHSGFIN.NS
PFS ,PFS.NS
PFC ,PFC.NS
MUTHOOTFIN ,MUTHOOTFIN.NS
MFSL ,MAX.NS
FACT ,FACT.NS
GSPL ,GSPL.NS
GAIL ,GAIL.NS
POWERGRID ,POWERGRID.NS
VHL ,VHL.NS
HINDUNILVR ,HINDUNILVR.NS
HINDPETRO ,HINDPETRO.NS
HCC ,HCC.NS
HIRECT ,HIRECT.NS
ROHLTD ,ROHLTD.NS
JUBLINDS ,JUBLINDS.NS
JISLJALEQS ,JISLJALEQS.NS
PCJEWELLER ,PCJEWELLER-EQ.NS
JYOTHYLAB ,JYOTHYLAB.NS
JUBLFOOD ,JUBLFOOD.NS
JSWSTEEL ,JSWSTEEL.NS
JPPOWER ,JPPOWER.NS
JPOLYINVST ,JPOLYINVST.NS
JKTYRE ,JKTYRE.NS
JKPAPER ,JKPAPER.NS
JISLJALEQS ,JISLDVREQS.NS
JINDCOT ,JINDCOT.NS
JINDALSAW ,JINDALSAW.NS
JBFIND ,JBFIND.NS
JAGRAN ,JAGRAN.NS
JMFINANCIL ,JMFINANCIL-EQ.NS
JAGSNPHARM ,JAGSNPHARM-EQ.NS
JAMNAAUTO ,JAMNAAUTO.NS
JAICORPLTD ,JAICORPLTD.NS
JMA ,JMA.NS
JYOTISTRUC ,JYOTISTRUC-EQ.NS
JUSTDIAL ,JUSTDIAL.NS
JKIL ,JKIL.NS
J&KBANK ,J&KBANK.NS
JUSTDIAL ,JUSTDIAL-EQ.NS
J&KBANK ,J&KBANK-EQ.NS
JAMNAAUTO ,JAMNAAUTO-EQ.NS
PCJEWELLER ,PCJEWELLER.NS
JSWHL ,JSWHL-EQ.NS
JSWENERGY ,JSWENERGY.NS
JAYNECOIND ,JAYNECOIND-EQ.NS
JKCEMENT ,JKCEMENT.NS
JKPAPER ,JKPAPER-EQ.NS
JINDCOT ,JINDCOT-EQ.NS
JINDALPHOT ,JINDALPHOT.NS
JAIBALAJI ,JAIBALAJI-EQ.NS
JAYAGROGN ,JAYAGROGN.NS
JAIBALAJI ,JAIBALAJI.NS
JINDWORLD ,JINDWORLD.NS
JMTAUTOLTD ,JMTAUTOLTD-EQ.NS
JSWHL ,JSWHL.NS
KPRMILL ,KPRMILL.NS
KPITTECH ,KPIT.NS
KOTAKBANK ,KOTAKBANK.NS
KSK ,KSK.NS
KSERASERA ,KSERASERA.NS
KSCL ,KSCL.NS
KOTHARIPRO ,KOTHARIPRO.NS
KOTARISUG ,KOTARISUG.NS
KOPRAN ,KOPRAN.NS
KNRCON ,KNRCON.NS
KITEX ,KITEX.NS
KIRLOSENG ,KIRLOSENG.NS
KGL ,KGL.NS
KEC ,KEC.NS
KCPSUGIND ,KCPSUGIND.NS
EKC ,EKC.NS
KSL ,KSL.NS
KANSAINER ,KANSAINER.NS
KICL ,KICL-EQ.NS
MRF ,MRF.NS
TATASTEEL ,TATASTEEL.NS
RELIANCE ,RELIANCE.NS
NOCIL ,NOCIL.NS
ICIL ,ICIL.NS
TCS ,TCS.NS
SASKEN ,SASKEN.NS
RELINFRA ,RELINFRA.NS
PRAJIND ,PRAJIND.NS
MARUTI ,MARUTI.NS
LUPIN ,LUPIN.NS
YESBANK ,YESBANK.NS
XPROINDIA ,XPROINDIA.NS
VOLTAS ,VOLTAS.NS
VISAKAIND ,VISAKAIND.NS
UFO ,UFO.NS
UFLEX ,UFLEX.NS
TV18BRDCST ,TV18BRDCST.NS
TRIGYN ,TRIGYN.NS
TRENT ,TRENT.NS
TIDEWATER ,TIDEWATER.NS
TECHM ,TECHM.NS
TATAMOTORS ,TATAMOTORS.NS
TATACHEM ,TATACHEM.NS
SUNPHARMA ,SUNPHARMA.NS
SUBROS ,SUBROS.NS
SOUTHBANK ,SOUTHBANK.NS
SKFINDIA ,SKFINDIA.NS
SIEMENS ,SIEMENS.NS
MEGASOFT ,MEGASOFT.NS
MCDOWELL-N ,MCDOWELL-N.NS
MAGNUM ,MAGNUM.NS
SABTN ,SABTN.NS
PNC ,PNC.NS
NTPC ,NTPC.NS
NCLIND ,NCLIND.NS
NBCC ,NBCC.NS
UNITEDTEA ,UNITEDTEA.NS
RAMANEWS ,RAMANEWS.NS
NMDC ,NMDC.NS
NIITLTD ,NIITLTD.NS
NHPC ,NHPC.NS
NELCO ,NELCO.NS
NELCAST ,NELCAST.NS
NECCLTD ,NECCLTD.NS
CONCOR ,CONCOR.NS
UNIONBANK ,UNIONBANK.NS
OMAXE ,OMAXE.NS
OMAXAUTO ,OMAXAUTO.NS
OIL ,OIL.NS
OBEROIRLTY ,OBEROIRLTY.NS
LAOPALA ,LAOPALA.NS
BIRLACABLE ,BIRLAERIC.NS
BANKINDIA ,BANKINDIA.NS
BANG ,BANG.NS
ABAN ,ABAN.NS
ONWARDTEC ,ONWARDTEC.NS
TCI ,TCI.NS
ORIENTBELL ,ORIENTBELL.NS
ORBTEXP ,ORBTEXP-EQ.NS
QUINTEGRA ,QUINTEGRA.NS
QUICKHEAL ,QUICKHEAL.NS
QUINTEGRA ,QUINTEGRA-EQ.NS
INDOCO ,INDOCO.NS
TEXRAIL ,TEXRAIL.NS
USHAMART ,USHAMART.NS
UNITECH ,UNITECH.NS
UNIPLY ,UNIPLY.NS
UNIENTER ,UNIENTER.NS
UMESLTD ,UMESLTD.NS
UGARSUGAR ,UGARSUGAR.NS
CUB ,CUB.NS
BVCL ,BVCL.NS
VSTTILLERS ,VSTTILLERS.NS
VSTIND ,VSTIND.NS
VOLTAMP ,VOLTAMP.NS
VISUINTL ,VISUINTL.NS
VIPIND ,VIPIND.NS
VIMTALABS ,VIMTALABS.NS
VIDEOIND ,VIDEOIND.NS
HMVL ,HMVL.NS
VLSFINANCE ,VLSFINANCE.NS
VISUINTL ,VISUINTL-EQ.NS
VALECHAENG ,VALECHAENG-EQ.NS
VIDHIING ,VIDHIDYE.NS
VARDMNPOLY ,VARDMNPOLY-EQ.NS
GEECEE ,GEECEE-EQ.NS
VALECHAENG ,VALECHAENG.NS
VSSL ,VSSL-EQ.NS
VIKASECO ,VIKASECO-EQ.NS
VMART ,VMART.NS
GEECEE ,GEECEE.NS
VINYLINDIA ,VINYLINDIA.NS
GNFC ,GNFC.NS
VESUVIUS ,VESUVIUS.NS
VAIBHAVGBL ,VAIBHAVGBL.NS
VALUEIND ,VALUEIND-EQ.NS
VADILALIND ,VADILALIND.NS
VIDEOIND ,VIDEOIND-EQ.NS
VASWANI ,VASWANI.NS
WIPRO ,WIPRO.NS
WANBURY ,WANBURY.NS
WINDMACHIN ,WINDMACHIN-EQ.NS
WELSPUNIND ,WELSPUNIND.NS
WEBELSOLAR ,WEBELSOLAR.NS
WSTCSTPAPR ,WSTCSTPAPR-EQ.NS
WILLAMAGOR ,WILLAMAGOR-EQ.NS
LAXMIMACH ,LAXMIMACH-EQ.NS
WOCKPHARMA ,WOCKPHARMA.NS
WOCKPHARMA ,WOCKPHARMA-EQ.NS
WEIZMANIND ,WEIZMANIND-EQ.NS
WHIRLPOOL ,WHIRLPOOL.NS
WILLAMAGOR ,WILLAMAGOR.NS
WENDT ,WENDT.NS
ZYDUSWELL ,ZYDUSWELL.NS
WSTCSTPAPR ,WSTCSTPAPR.NS
WELENT ,WELENT.NS
SSWL ,SSWL.NS
WONDERLA ,WONDERLA.NS
XCHANGING ,XCHANGING-EQ.NS
XCHANGING ,XCHANGING.NS
YESBANK ,YESBANK-EQ.NS
WINSOME ,WINSOME.NS
ZENSARTECH ,ZENSARTEC.NS
HINDZINC ,HINDZINC.NS
ZENITHEXPO ,ZENITHEXPO.NS
ZENITHEXPO ,ZENITHEXPO-EQ.NS
ZEELEARN ,ZEELEARN-EQ.NS
TBZ ,TBZ.NS
ZEEL ,ZEEL.NS
ZICOM ,ZICOM-EQ.NS
ZEEMEDIA ,ZEEMEDIA.NS
ZUARI ,ZUARI.NS
ZEELEARN ,ZEELEARN.NS
ZENTEC ,ZENTEC.NS
ZENTEC ,ZENTEC-BE.NS
ZENTEC ,ZENTEC-EQ.NS
ZODIACLOTH ,ZODIACLOTH-EQ.NS
ZENSARTECH ,ZENSARTECH.NS
HINDZINC ,HINDZINC-EQ.NS
ZODIACLOTH ,ZODIACLOTH.NS
ZYDUSWELL ,ZYDUSWELL-EQ.NS
ZICOM ,ZICOM.NS
AARVEEDEN ,AARVEEDEN.NS
AARTIDRUGS ,AARTIDRUGS-EQ.NS
AARTIIND ,AARTIIND-EQ.NS
AARTIIND ,AARTIIND.NS
AARTIDRUGS ,AARTIDRUGS.NS
ABB ,ABB.NS
ABFRL ,ABFRL.NS
ABHISHEK ,ABHISHEK.NS
ORIENTABRA ,ORIENTABRA.NS
ORIENTABRA ,ORIENTABRA-EQ.NS
IMPAL ,IMPAL.NS
ACCELYA ,ACCELYA.NS
ACE ,ACE.NS
ACCELYA ,ACCELYA-EQ.NS
TREEHOUSE ,TREEHOUSE.NS
ACC ,ACC.NS
VARDHACRLC ,VARDHACRLC-EQ.NS
VARDHACRLC ,VARDHACRLC.NS
ADSL ,ADSL.NS
ADANITRANS ,ADANITRANS.NS
ADANIENT ,ADANIENT.NS
ADVANIHOTR ,ADVANIHOTR.NS
ONELIFECAP ,ONELIFECAP.NS
ADFFOODS ,ADFFOODS-EQ.NS
ADSL ,ADSL-EQ.NS
PRESSMN ,PRESSMN.NS
ADVANIHOTR ,ADVANIHOTR-EQ.NS
ABFRL ,PFRL.NS
ADORWELD ,ADORWELD.NS
PRESSMN ,PRESSMN-EQ.NS
BIRLAMONEY ,BIRLAMONEY.NS
ADANIPOWER ,ADANIPOWER.NS
SPARC ,SPARC.NS
SABTN ,SABTN-EQ.NS
AEGISCHEM ,AEGISCHEM.NS
ARIES ,ARIES.NS
IFBAGRO ,IFBAGRO.NS
ATFL ,ATFL.NS
NATNLSTEEL ,NATNLSTEEL-EQ.NS
AGRITECH ,AGRITECH.NS
ARIES ,ARIES-EQ.NS
AGARIND ,AGARIND-EQ.NS
ATFL ,ATFL-EQ.NS
JMA ,JMA-EQ.NS
JAYAGROGN ,JAYAGROGN-EQ.NS
HATSUN ,HATSUN-EQ.NS
AGRITECH ,AGRITECH-BE.NS
AGARIND ,AGARIND.NS
AGRITECH ,AGRITECH-EQ.NS
GOKULAGRO ,GOKULAGRO.NS
HATSUN ,HATSUN.NS
DHANUKA ,DHANUKA.NS
NATNLSTEEL ,NATNLSTEEL.NS
AHLWEST ,AHLWEST.NS
METALFORGE ,AHMEDFORG.NS
AHLUCONT ,AHLUCONT.NS
AHLEAST ,AHLEAST.NS
AIAENG ,AIAENG.NS
JETAIRWAYS ,JETAIRWAYS.NS
AIFL ,AIFL.NS
AIFL ,AIFL-EQ.NS
GEPIL ,AIL.NS
AJMERA ,AJMERA.NS
AJANTPHARM ,AJANTPHARM.NS
AKZOINDIA ,AKZOINDIA.NS
AKZOINDIA ,AKZOINDIA-EQ.NS
AKSHOPTFBR ,AKSHOPTFBR.NS
ALLSEC ,ALLSEC.NS
ALOKINDS ,ALOKTEXT.NS
ALKEM ,ALKEM.NS
METKORE ,METKORE.NS
GUJALKALI ,GUJALKALI.NS
MANAKALUCO ,MANAKALUCO-EQ.NS
SHAHALLOYS ,SHAHALLOYS-EQ.NS
IMFA ,IMFA.NS
SALSTEEL ,SALSTEEL.NS
ALICON ,ALICON.NS
ALPA ,ALPA-EQ.NS
ALLSEC ,ALLSEC-EQ.NS
IMFA ,IMFA-EQ.NS
APLLTD ,APLLTD.NS
ALOKINDS ,ALOKTEXT-EQ.NS
SHAHALLOYS ,SHAHALLOYS.NS
CHEMFAB ,CHEMFALKAL-EQ.NS
GAL ,GAL-EQ.NS
ALKALI ,ALKALI.NS
ALANKIT ,ALANKIT.NS
CHEMFAB ,CHEMFALKAL.NS
ALEMBICLTD ,ALEMBICLTD.NS
NATIONALUM ,NATIONALUM.NS
ALLCARGO ,ALLCARGO.NS
MAITHANALL ,MAITHANALL.NS
GAL ,GAL.NS
ALMONDZ ,ALMONDZ-EQ.NS
ALPA ,ALPA.NS
ALKEM ,ALKEM-EQ.NS
MANAKALUCO ,MANAKALUCO.NS
ALPHAGEO ,ALPHAGEO-EQ.NS
ALPSINDUS ,ALPSINDUS-EQ.NS
MAANALU ,MAANALU.NS
ALCHEM ,ALCHEM.NS
ALKALI ,ALKALI-EQ.NS
ALPSINDUS ,ALPSINDUS.NS
ALANKIT ,ALANKIT-EQ.NS
ALKYLAMINE ,ALKYLAMINE.NS
METKORE ,METKORE-EQ.NS
ALPHAGEO ,ALPHAGEO.NS
GET&D ,ALSTOMT&D.NS
GAEL ,GAEL.NS
BANARISUG ,BANARISUG.NS
AMBIKCO ,AMBIKCO.NS
ASIL ,ASIL-EQ.NS
BASML ,BASML-EQ.NS
AMRUTANJAN ,AMRUTANJAN-EQ.NS
BASML ,BASML.NS
ASIL ,ASIL.NS
AMBUJACEM ,AMBUJACEM.NS
AMDIND ,AMDIND.NS
AMARAJABAT ,AMARAJABAT-EQ.NS
AMRUTANJAN ,AMRUTANJAN.NS
GAEL ,GAEL-EQ.NS
BALAMINES ,BALAMINES.NS
AMARAJABAT ,AMARAJABAT.NS
MRPL ,MRPL.NS
LOTUSEYE ,LOTUSEYE.NS
IOLCP ,IOLCP.NS
ANSALAPI ,ANSALAPI.NS
ANIKINDS ,ANIKINDS.NS
ANANTRAJ ,ANANTRAJ.NS
DALMIASUG ,DALMIASUG-EQ.NS
CYBERTECH ,CYBERTECH-EQ.NS
LAKSHMIEFL ,LAKSHMIEFL-EQ.NS
EUROTEXIND ,EUROTEXIND-EQ.NS
DALMIASUG ,DALMIASUG.NS
GOKUL ,GOKUL-EQ.NS
ANDHRACEMT ,ANDHRACEMT.NS
SESHAPAPER ,SESHAPAPER.NS
ANSALAPI ,ANSALAPI-EQ.NS
RCF ,RCF.NS
TAINWALCHM ,TAINWALCHM.NS
EUROTEXIND ,EUROTEXIND.NS
SHK ,SHK-EQ.NS
MADHAV ,MADHAV.NS
ANTGRAPHIC ,ANTGRAPHIC.NS
SUTLEJTEX ,SUTLEJTEX.NS
ASAL ,ASAL-EQ.NS
IOLCP ,IOLCP-EQ.NS
HDIL ,HDIL-EQ.NS
ANDHRSUGAR ,ANDHRSUGAR-EQ.NS
ANKITMETAL ,ANKITMETAL.NS
DEEPAKFERT ,DEEPAKFERT-EQ.NS
BALMLAWRIE ,BALMLAWRIE.NS
CHOLAFIN ,CHOLAFIN-EQ.NS
MANGALAM ,MANGALAM-EQ.NS
CHOLAFIN ,CHOLAFIN.NS
VETO ,VETO.NS
PGHH ,PGHH.NS
ANTGRAPHIC ,ANTGRAPHIC-BE.NS
TGBHOTELS ,TGBHOTELS-EQ.NS
SDBL ,SDBL.NS
ANDHRACEMT ,ANDHRACEMT-EQ.NS
OISL ,OISL.NS
DEEPAKFERT ,DEEPAKFERT.NS
MRPL ,MRPL-EQ.NS
SUTLEJTEX ,SUTLEJTEX-EQ.NS
OISL ,OISL-EQ.NS
ANTGRAPHIC ,ANTGRAPHIC-EQ.NS
FACT ,FACT-EQ.NS
SURANAT&P ,SURANAT&P.NS
ANDHRSUGAR ,ANDHRSUGAR.NS
GPIL ,GPIL-EQ.NS
CARERATING ,CARERATING.NS
BLKASHYAP ,BLKASHYAP.NS
COX&KINGS ,COX&KINGS.NS
TGBHOTELS ,TGBHOTELS.NS
JPOLYINVST ,JPOLYINVST-EQ.NS
TEXMOPIPES ,TEXMOPIPES-EQ.NS
CARERATING ,CARERATING-EQ.NS
WELINV ,WELINV.NS
APTECHT ,APTECHT.NS
APOLSINHOT ,APOLSINHOT.NS
APLAPOLLO ,APLAPOLLO.NS
APARINDS ,APARINDS.NS
APCOTEXIND ,APCOTEXIND-EQ.NS
APOLLOHOSP ,APOLLOHOSP-EQ.NS
APOLLOTYRE ,APOLLOTYRE.NS
APCOTEXIND ,APCOTEXIND.NS
APOLLOHOSP ,APOLLOHOSP.NS
BUTTERFLY ,BUTTERFLY.NS
APOLLOTYRE ,APOLLOTYRE-EQ.NS
GUJAPOLLO ,GUJAPOLLO.NS
APOLSINHOT ,APOLSINHOT-EQ.NS
ARSHIYA ,ARSHIYA.NS
ARSSINFRA ,ARSSINFRA.NS
ARCHIES ,ARCHIES.NS
ARCHIDPLY ,ARCHIDPLY.NS
THIRUSUGAR ,THIRUSUGAR.NS
INTELLECT ,INTELLECT-EQ.NS
MUKTAARTS ,MUKTAARTS-EQ.NS
GILLANDERS ,GILLANDERS-EQ.NS
AROGRANITE ,AROGRANITE.NS
INTELLECT ,INTELLECT.NS
ARCOTECH ,ARCOTECH.NS
ARVIND ,ARVIND.NS
ARCHIES ,ARCHIES-EQ.NS
MUKTAARTS ,MUKTAARTS.NS
ARVSMART ,ARVINFRA.NS
AROGRANITE ,AROGRANITE-EQ.NS
GILLANDERS ,GILLANDERS.NS
ARCOTECH ,ARCOTECH-EQ.NS
ASIANPAINT ,ASIANPAINT.NS
ASTEC ,ASTEC.NS
ASAL ,ASAL.NS
EIHAHOTELS ,EIHAHOTELS.NS
ASIANHOTNR ,ASIANHOTNR.NS
ASHAPURMIN ,ASHAPURMIN.NS
ASTRAMICRO ,ASTRAMICRO.NS
ASHAPURMIN ,ASHAPURMIN-EQ.NS
ASTRAZEN ,ASTRAZEN.NS
ASTRAL ,ASTRAL.NS
JPASSOCIAT ,JPASSOCIAT.NS
ASAHIINDIA ,ASAHIINDIA-EQ.NS
ASAHISONG ,ASAHISONG.NS
ASHIANA ,ASHIANA.NS
ASIANHOTNR ,ASIANHOTNR-EQ.NS
ASHIMASYN ,ASHIMASYN.NS
ASHIMASYN ,ASHIMASYN-EQ.NS
ASIANTILES ,ASIANTILES.NS
ASTEC ,ASTEC-EQ.NS
ASAHIINDIA ,ASAHIINDIA.NS
ASHOKA ,ASHOKA.NS
ATUL ,ATUL.NS
ATULAUTO ,ATULAUTO-EQ.NS
ATNINTER ,ATNINTER-EQ.NS
ATLASCYCLE ,ATLASCYCLE.NS
ATNINTER ,ATNINTER.NS
ATULAUTO ,ATULAUTO.NS
ATLANTA ,ATLANTA.NS
BAJAJ-AUTO ,BAJAJ-AUTO.NS
MUNJALAU ,MUNJALAU.NS
AUTOLITIND ,AUTOLITIND.NS
PPAP ,PPAP.NS
LUMAXTECH ,LUMAXTECH.NS
AURIONPRO ,AURIONPRO-EQ.NS
INDIGO ,INDIGO.NS
AVTNPL ,AVTNPL.NS
AVANTIFEED ,AVANTIFEED-EQ.NS
AVANTIFEED ,AVANTIFEED.NS
AVTNPL ,AVTNPL-EQ.NS
INDIGO ,INDIGO-EQ.NS
AXISBANK ,AXISBANK.NS
AXISCADES ,AXISCADES.NS
AXISCADES ,AXISCADES-EQ.NS
AUTOAXLES ,AUTOAXLES.NS
AYMSYNTEX ,AYMSYNTEX.NS
ICICIBANK ,ICICIBANK.NS
CANBK ,CANBK.NS
BALLARPUR ,BALLARPUR.NS
INDIANB ,INDIANB.NS
HDFCBANK ,HDFCBANK.NS
INDUSINDBK ,INDUSINDBK-EQ.NS
BASF ,BASF.NS
BAGFILMS ,BAGFILMS.NS
BAFNAPH ,BAFNAPHARM.NS
BAJAJFINSV ,BAJAJFINS.NS
PSB ,PSB-EQ.NS
BAJAJ-AUTO ,BAJAJ-AUTO-EQ.NS
BAJFINANCE ,BAJFINANCE.NS
BVCL ,BVCL-EQ.NS
BBL ,BBL.NS
BBTC ,BBTC-EQ.NS
BBL ,BBL-EQ.NS
BBTC ,BBTC.NS
BDR ,BDR-IT.NS
BDR ,BDR.NS
BDR ,BDR-EQ.NS
BEML ,BEML.NS
MANPASAND ,MANPASAND.NS
SCHAEFFLER ,FAGBEARING.NS
BEDMUTHA ,BEDMUTHA-EQ.NS
BEML ,BEML-EQ.NS
BEPL ,BEPL-EQ.NS
TALWALKARS ,TALWALKARS.NS
BEDMUTHA ,BEDMUTHA.NS
BERGEPAINT ,BERGEPAINT.NS
BEARDSELL ,BEARDSELL-EQ.NS
NIBL ,NIBL-EQ.NS
MANPASAND ,MANPASAND-EQ.NS
BERGEPAINT ,BERGEPAINT-EQ.NS
NRBBEARING ,NRBBEARING.NS
ORIENTBELL ,ORIENTBELL-EQ.NS
NIBL ,NIBL.NS
MENONBE ,MENONBE.NS
BEL ,BEL.NS
BANARBEADS ,BANARBEADS.NS
BFUTILITIE ,BFUTILITIE.NS
BFINVEST ,BFINVEST.NS
BGRENERGY ,BGRENERGY.NS
BGLOBAL ,BGLOBAL-EQ.NS
BGRENERGY ,BGRENERGY-EQ.NS
BGLOBAL ,BGLOBAL.NS
BHEL ,BHEL.NS
BHARATFORG ,BHARATFORG.NS
BIL ,BIL-EQ.NS
DALBHARAT ,DALMIABHA.NS
BHARATGEAR ,BHARATGEAR.NS
JAYBARMARU ,JAYBARMARU.NS
BHAGERIA ,BHAGERIA.NS
BHARATIDIL ,BHARATIDIL.NS
BHARATRAS ,BHARATRAS.NS
BEPL ,BEPL.NS
BHARATWIRE ,BHARATWIRE.NS
BIL ,BIL.NS
BHAGYANGR ,BHAGYNAGAR.NS
BIOCON ,BIOCON.NS
CELESTIAL ,CELESTIAL.NS
BILENERGY ,BILENERGY-EQ.NS
NATHBIOGEN ,NATHBIOGEN-EQ.NS
BINDALAGRO ,BINDALAGRO-EQ.NS
STERLINBIO ,STERLINBIO.NS
NATHBIOGEN ,NATHBIOGEN.NS
BINDALAGRO ,BINDALAGRO.NS
BILENERGY ,BILENERGY.NS
BIOCON ,BIOCON-EQ.NS
CELESTIAL ,CELESTIAL-EQ.NS
PANACEABIO ,PANACEABIO.NS
SHARONBIO ,SHARONBIO.NS
BIRLAMONEY ,BIRLAMONEY-EQ.NS
HESTERBIO ,HESTERBIO-EQ.NS
STERLINBIO ,STERLINBIO-EQ.NS
BINANIIND ,BINANIIND.NS
GUFICBIO ,GUFICBIO.NS
BIRLACORPN ,BIRLACORPN.NS
HESTERBIO ,HESTERBIO.NS
BLBLIMITED ,BLBLIMITED-EQ.NS
BLBLIMITED ,BLBLIMITED.NS
BLUEDART ,BLUEDART.NS
BLUECOAST ,BLUECOAST.NS
BLUEBLENDS ,BLUEBLENDS.NS
BLISSGVS ,BLISSGVS.NS
BLUECHIP ,BLUECHIP.NS
BLUEBLENDS ,BLUEBLENDS-EQ.NS
BLUESTARCO ,BLUESTARCO.NS
BLUECOAST ,BLUECOAST-EQ.NS
GEOJITFSL ,GEOJITBNPP.NS
BODALCHEM ,BODALCHEM.NS
BODALCHEM ,BODALCHEM-EQ.NS
BOSCHLTD ,BOSCHLTD-EQ.NS
GENUSPAPER ,GENUSPAPER-EQ.NS
BOMDYEING ,BOMDYEING.NS
BOMDYEING ,BOMDYEING-EQ.NS
GENUSPAPER ,GENUSPAPER.NS
BRFL ,BRFL.NS
BPL ,BPL.NS
BPL ,BPL-EQ.NS
DBSTOCKBRO ,DBSTOCKBRO.NS
UBL ,UBL.NS
SUNDRMBRAK ,SUNDRMBRAK.NS
KIRLOSBROS ,KIRLOSBROS.NS
NOIDATOLL ,NOIDATOLL-EQ.NS
BROOKS ,BROOKS.NS
RBL ,RBL.NS
SUNDRMBRAK ,SUNDRMBRAK-EQ.NS
NOIDATOLL ,NOIDATOLL.NS
SDBL ,SDBL-EQ.NS
KIRLOSBROS ,KIRLOSBROS-EQ.NS
BSL ,BSL-EQ.NS
BSL ,BSL.NS
BURNPUR ,BURNPUR.NS
BURNPUR ,BURNPUR-EQ.NS
BYKE ,BYKE.NS
BYKE ,BYKE-EQ.NS
GOACARBON ,GOACARBON.NS
ELECTCAST ,ELECTCAST.NS
CASTROLIND ,CASTROLIND.NS
CANDC ,CANDC.NS
CAPLIPOINT ,CAPLIPOINT-EQ.NS
CANFINHOME ,CANFINHOME-EQ.NS
CCCL ,CCCL.NS
CCHHL ,CCHHL.NS
CCHHL ,CCHHL-EQ.NS
CCL ,CCL.NS
IDEA ,IDEA.NS
ITDCEM ,ITDCEM.NS
EUROCERA ,EUROCERA.NS
CESC ,CESC.NS
CERA ,CERA.NS
CEATLTD ,CEATLTD.NS
CENTEXT ,CENTEXT-EQ.NS
RAMCOCEM ,RAMCOCEM.NS
CENTUM ,CENTUM-EQ.NS
SAGCEM ,SAGCEM-EQ.NS
CENTEXT ,CENTEXT.NS
ORIENTCEM ,ORIENTCEM-EQ.NS
IDEA ,IDEA-EQ.NS
ULTRACEMCO ,ULTRACEMCO.NS
CEREBRAINT ,CEREBRAINT-EQ.NS
MANGLMCEM ,MANGLMCEM.NS
SAGCEM ,SAGCEM.NS
CEREBRAINT ,CEREBRAINT.NS
SOMANYCERA ,SOMANYCERA.NS
REGENCERAM ,REGENCERAM-EQ.NS
SHREECEM ,SHREECEM.NS
KAKATCEM ,KAKATCEM.NS
CELEBRITY ,CELEBRITY-EQ.NS
GSCLCEMENT ,GSCLCEMENT.NS
CENTURYPLY ,CENTURYPLY.NS
ORIENTCEM ,ORIENTCEM.NS
RAMCOCEM ,RAMCOCEM-EQ.NS
CERA ,CERA-EQ.NS
MURUDCERA ,MURUDCERA.NS
CENTRALBK ,CENTRALBK-EQ.NS
JKCEMENT ,JKCEMENT-EQ.NS
CENTRALBK ,CENTRALBK.NS
REGENCERAM ,REGENCERAM.NS
SHYAMCENT ,SHYAMCENT.NS
CENTURYTEX ,CENTURYTEX.NS
GSCLCEMENT ,GSCLCEMENT-EQ.NS
SHYAMCENT ,SHYAMCENT-EQ.NS
JKLAKSHMI ,JKLAKSHMI.NS
CELEBRITY ,CELEBRITY.NS
DECCANCE ,DECCANCE.NS
CENTUM ,CENTUM.NS
CENTENKA ,CENTENKA.NS
SOMANYCERA ,SOMANYCERA-EQ.NS
INDIACEM ,INDIACEM.NS
KAJARIACER ,KAJARIACER.NS
CGCL ,CGCL-EQ.NS
CGCL ,CGCL.NS
SUDARSCHEM ,SUDARSCHEM.NS
CLNINDIA ,CLNINDIA.NS
RAJSREESUG ,RAJSREESUG.NS
BALRAMCHIN ,BALRAMCHIN-EQ.NS
FCL ,FCL-EQ.NS
TIRUMALCHM ,TIRUMALCHM.NS
OMKARCHEM ,OMKARCHEM-EQ.NS
MANGCHEFER ,MANGCHEFER-EQ.NS
DHARSUGAR ,DHARSUGAR-EQ.NS
HSCL ,HCIL.NS
CIPLA ,CIPLA.NS
CIGNITITEC ,CIGNITITEC.NS
CINEVISTA ,CINEVISTA.NS
MAHINDCIE ,MAHINDCIE.NS
CIPLA ,CIPLA-EQ.NS
OPTOCIRCUI ,OPTOCIRCUI.NS
MAHINDCIE ,MAHINDCIE-EQ.NS
CINELINE ,CINELINE.NS
OPTOCIRCUI ,OPTOCIRCUI-EQ.NS
CIGNITITEC ,CIGNITITEC-EQ.NS
INDIANCARD ,INDIANCARD.NS
KKCL ,KKCL.NS
GANESHHOUC ,GANESHHOUC.NS
SHARDACROP ,SHARDACROP-EQ.NS
CREATIVEYE ,CREATIVEYE-EQ.NS
CGPOWER ,CROMPGREAV.NS
CREATIVEYE ,CREATIVEYE.NS
CRISIL ,CRISIL.NS
SATIN ,SATIN-EQ.NS
SHARDACROP ,SHARDACROP.NS
CREST ,CREST-EQ.NS
SATIN ,SATIN.NS
PUNJABCHEM ,PUNJABCHEM.NS
CREST ,CREST.NS
CTE ,CTE-EQ.NS
CTE ,CTE.NS
CUMMINSIND ,CUMMINSIND-EQ.NS
CUBEXTUB ,CUBEXTUB.NS
CUBEXTUB ,CUBEXTUB-EQ.NS
CUMMINSIND ,CUMMINSIND.NS
CYBERTECH ,CYBERTECH.NS
CYBERMEDIA ,CYBERMEDIA.NS
CYIENT ,CYIENT-EQ.NS
EKC ,EKC-EQ.NS
CYBERMEDIA ,CYBERMEDIA-EQ.NS
CYIENT ,CYIENT.NS
COFFEEDAY ,COFFEEDAY.NS
COFFEEDAY ,COFFEEDAY-EQ.NS
HATHWAY ,HATHWAY.NS
DATAMATICS ,DATAMATICS-EQ.NS
UMANGDAIRY ,UMANGDAIRY-EQ.NS
UMANGDAIRY ,UMANGDAIRY.NS
DAAWAT ,DAAWAT.NS
DATAMATICS ,DATAMATICS.NS
DBREALTY ,DBREALTY.NS
DBCORP ,DBCORP.NS
DCW ,DCW.NS
DCBBANK ,DCBBANK-EQ.NS
DCM ,DCM.NS
DCBBANK ,DCBBANK.NS
DCMSHRIRAM ,DCMSHRIRAM.NS
DCMSHRIRAM ,DCMSHRIRAM-EQ.NS
DELTACORP ,DELTACORP.NS
DEEPINDS ,DEEPIND.NS
HIL ,HIL.NS
NDL ,NDL.NS
DHUNINV ,DHUNINV.NS
DTIL ,DTIL.NS
DHARSUGAR ,DHARSUGAR.NS
DTIL ,DTIL-EQ.NS
DHAMPURSUG ,DHAMPURSUG.NS
DHANBANK ,DHANBANK.NS
DISHTV ,DISHTV.NS
DIAPOWER ,DIAPOWER.NS
DIGJAMLMTD ,DIGJAM.NS
GATEWAY ,GDL.NS
RKDL ,RKDL-EQ.NS
DICIND ,DICIND-EQ.NS
RKDL ,RKDL.NS
PIONDIST ,PIONDIST-EQ.NS
DICIND ,DICIND.NS
PIONDIST ,PIONDIST.NS
DIVISLAB ,DIVISLAB.NS
DLF ,DLF.NS
DLINKINDIA ,DLINKINDIA.NS
DONEAR ,DONEAR.NS
DOLPHINOFF ,DOLPHINOFF.NS
DOLPHINOFF ,DOLPHINOFF-EQ.NS
DONEAR ,DONEAR-EQ.NS
DPSCLTD ,DPSCLTD-EQ.NS
DQE ,DQE.NS
DQE ,DQE-EQ.NS
DRREDDY ,DRREDDY-EQ.NS
PDPL ,PDPL.NS
LALPATHLAB ,LALPATHLAB-EQ.NS
KILITCH ,KILITCH.NS
DREDGECORP ,DREDGECORP-EQ.NS
LALPATHLAB ,LALPATHLAB.NS
MANGALAM ,MANGALAM.NS
DREDGECORP ,DREDGECORP.NS
KILITCH ,KILITCH-EQ.NS
JINDRILL ,JINDRILL.NS
DSKULKARNI ,DSKULKARNI-EQ.NS
DSKULKARNI ,DSKULKARNI.NS
DSSL ,DSSL-EQ.NS
DSSL ,DSSL.NS
DWARKESH ,DWARKESH.NS
DWARKESH ,DWARKESH-EQ.NS
DYNAMATECH ,DYNAMATECH.NS
DYNAMATECH ,DYNAMATECH-EQ.NS
GESHIP ,GESHIP.NS
EASTSILK ,EASTSILK-EQ.NS
EASUNREYRL ,EASUNREYRL-EQ.NS
EASUNREYRL ,EASUNREYRL.NS
EASTSILK ,EASTSILK.NS
ECLERX ,ECLERX.NS
GANECOS ,GANECOS-EQ.NS
VIKASECO ,VIKASECO.NS
VIKASECO ,VIKASGLOB.NS
ECLERX ,ECLERX-EQ.NS
GANECOS ,GANECOS.NS
EDUCOMP ,EDUCOMP.NS
EDELWEISS ,EDELWEISS.NS
EDELWEISS ,EDELWEISS-EQ.NS
UMESLTD ,UMESLTD-EQ.NS
MTEDUCARE ,MTEDUCARE.NS
NAUKRI ,NAUKRI.NS
NAVNETEDUL ,NAVNETEDUL.NS
NAVNETEDUL ,NAVNETEDUL-EQ.NS
NAUKRI ,NAUKRI-EQ.NS
MTEDUCARE ,MTEDUCARE-EQ.NS
SKMEGGPROD ,SKMEGGPROD-EQ.NS
SKMEGGPROD ,SKMEGGPROD.NS
EICHERMOT ,EICHERMOT.NS
EIHOTEL ,EIHOTEL.NS
EIMCOELECO ,EIMCOELECO.NS
EIDPARRY ,EIDPARRY.NS
EIMCOELECO ,EIMCOELECO-EQ.NS
EIDPARRY ,EIDPARRY-EQ.NS
TECHNOE ,TECHNO.NS
ELGIEQUIP ,ELGIEQUIP.NS
ELECTHERM ,ELECTHERM-EQ.NS
TVSELECT ,TVSELECT.NS
TVSELECT ,TVSELECT-EQ.NS
KECL ,KECL-EQ.NS
LEEL ,LLOYDELENG.NS
SCHNEIDER ,SCHNEIDER-EQ.NS
ELGIRUBCO ,ELGIRUBCO-EQ.NS
MIRCELECTR ,MIRCELECTR.NS
EON ,EON.NS
MICEL ,MIC.NS
BAJAJELEC ,BAJAJELEC.NS
INDNIPPON ,INDNIPPON.NS
ELECON ,ELECON-EQ.NS
EON ,EON-EQ.NS
ELECTHERM ,ELECTHERM.NS
SALZERELEC ,SALZERELEC-EQ.NS
ELGIRUBCO ,ELGIRUBCO.NS
PGEL ,PGEL-EQ.NS
KECL ,KECL.NS
PGEL ,PGEL.NS
MIRCELECTR ,MIRCELECTR-EQ.NS
ELECON ,ELECON.NS
SALZERELEC ,SALZERELEC.NS
EMCO ,EMCO.NS
EMCO ,EMCO-EQ.NS
PIONEEREMB ,PIONEEREMB.NS
EMAMILTD ,EMAMILTD.NS
EMMBI ,EMMBI.NS
EMKAY ,EMKAY.NS
PIONEEREMB ,PIONEEREMB-EQ.NS
EMKAY ,EMKAY-EQ.NS
SHEMAROO ,SHEMAROO.NS
SADBHAV ,SADBHAV.NS
RELIGARE ,RELIGARE.NS
PATELENG ,PATELENG.NS
ENIL ,ENIL.NS
FCONSUMER ,FCEL.NS
KARMAENG ,KARMAENG.NS
A2ZINFRA ,A2ZINFRA.NS
REVATHI ,REVATHI.NS
REVATHI ,REVATHI-EQ.NS
EROSMEDIA ,EROSMEDIA.NS
ESSARSHPNG ,ESSARSHPNG.NS
ESCORTS ,ESCORTS.NS
ESABINDIA ,ESABINDIA.NS
UNITEDTEA ,UNITEDTEA-EQ.NS
ESTER ,ESTER.NS
IBREALEST ,IBREALEST.NS
ESSARSHPNG ,ESSARSHPNG-EQ.NS
PRESTIGE ,PRESTIGE.NS
ESTER ,ESTER-EQ.NS
EUROMULTI ,EUROMULTI.NS
EUROMULTI ,EUROMULTI-EQ.NS
EVEREADY ,EVEREADY.NS
EVERESTIND ,EVERESTIND.NS
TULSI ,TULSI.NS
EXIDEIND ,EXIDEIND.NS
EXCEL ,EXCELINFO.NS
HINDOILEXP ,HINDOILEXP.NS
RAJESHEXPO ,RAJESHEXPO-EQ.NS
EXCELINDUS ,EXCELINDUS.NS
NORBTEAEXP ,NORBTEAEXP.NS
NAGREEKEXP ,NAGREEKEXP.NS
EXCEL ,EXCEL-EQ.NS
NAGREEKEXP ,NAGREEKEXP-EQ.NS
NUCLEUS ,NUCLEUS.NS
ORBTEXP ,ORBTEXP.NS
SELAN ,SELAN.NS
KABRAEXTRU ,KABRAEXTRU-EQ.NS
RAJESHEXPO ,RAJESHEXPO.NS
EXIDEIND ,EXIDEIND-EQ.NS
EXCEL ,EXCEL.NS
KABRAEXTRU ,KABRAEXTRU.NS
SAKUMA ,SAKUMA.NS
GOKEX ,GOKEX.NS
LOTUSEYE ,LOTUSEYE-EQ.NS
INDTERRAIN ,INDTERRAIN-EQ.NS
MONTECARLO ,MONTECARLO.NS
SUNDRMFAST ,SUNDRMFAST.NS
INDTERRAIN ,INDTERRAIN.NS
MONTECARLO ,MONTECARLO-EQ.NS
FLFL ,FLFL.NS
FLFL ,FLFL-EQ.NS
FCSSOFT ,FCSSOFT-EQ.NS
FCSSOFT ,FCSSOFT.NS
FCL ,FCL.NS
FDC ,FDC.NS
FDC ,FDC-EQ.NS
FMGOETZE ,FMGOETZE.NS
FEDERALBNK ,FEDERALBNK.NS
GSFC ,GSFC.NS
SHREEPUSHK ,SHREEPUSHK.NS
FEDERALBNK ,FEDERALBNK-EQ.NS
MADRASFERT ,MADRASFERT-EQ.NS
FEDDERELEC ,FEDDERLOYD.NS
IMPEXFERRO ,IMPEXFERRO.NS
SHREEPUSHK ,SHREEPUSHK-EQ.NS
CHAMBLFERT ,CHAMBLFERT.NS
NFL ,NFL.NS
MADRASFERT ,MADRASFERT.NS
SARLAPOLY ,SARLAPOLY.NS
NAHARPOLY ,NAHARPOLY-EQ.NS
IBULHSGFIN ,IBULHSGFIN.NS
FSL ,FSL.NS
63MOONS ,FINANTECH.NS
FINCABLES ,FINCABLES-EQ.NS
CONSOFINVT ,CONSOFINVT-EQ.NS
GICHSGFIN ,GICHSGFIN.NS
CAMLINFINE ,CAMLINFINE.NS
CONSOFINVT ,CONSOFINVT.NS
JMFINANCIL ,JMFINANCIL.NS
SUNDARMFIN ,SUNDARMFIN.NS
NAHARCAP ,NAHARCAP.NS
OFSS ,OFSS-EQ.NS
FIEMIND ,FIEMIND-EQ.NS
L&TFH ,L&TFH-EQ.NS
GLFL ,GLFL.NS
GINNIFILA ,GINNIFILA-EQ.NS
FILATEX ,FILATEX.NS
TCIFINANCE ,TCIFINANCE.NS
NAHARPOLY ,NAHARPOLY.NS
NITINFIRE ,NITINFIRE.NS
PFC ,PFC-EQ.NS
GICHSGFIN ,GICHSGFIN-EQ.NS
MOTILALOFS ,MOTILALOFS.NS
NAVINFLUOR ,NAVINFLUOR-EQ.NS
FLUOROCHEM ,GUJFLUORO.NS
NAVINFLUOR ,NAVINFLUOR.NS
FLEXITUFF ,FLEXITUFF.NS
FMNL ,FMNL.NS
FMNL ,FMNL-EQ.NS
MMFL ,MMFL.NS
FOSECOIND ,FOSECOIND.NS
FORTIS ,FORTIS.NS
FORTIS ,FORTIS-EQ.NS
ADFFOODS ,ADFFOODS.NS
RKFORGE ,RKFORGE.NS
METALFORGE ,METALFORGE-EQ.NS
LGBFORGE ,LGBFORGE-EQ.NS
HERITGFOOD ,HERITGFOOD.NS
METALFORGE ,METALFORGE.NS
KALYANIFRG ,KALYANIFRG-EQ.NS
PFOCUS ,PFOCUS-EQ.NS
PFOCUS ,PFOCUS.NS
RELAXO ,RELAXO-EQ.NS
RELAXO ,RELAXO.NS
KOHINOOR ,KOHINOOR-EQ.NS
HERITGFOOD ,HERITGFOOD-EQ.NS
HILTON ,HILTON.NS
KOHINOOR ,KOHINOOR.NS
MMFL ,MMFL-EQ.NS
LGBFORGE ,LGBFORGE.NS
KALYANIFRG ,KALYANIFRG.NS
FEL ,FRL.NS
HFCL ,HFCL.NS
UCALFUEL ,UCALFUEL.NS
IGL ,IGL.NS
GABRIEL ,GABRIEL.NS
GALLANTT ,GALLISPAT.NS
GATI ,GATI.NS
GUJGASLTD ,GUJGASLTD-EQ.NS
GUJGASLTD ,GUJGASLTD.NS
GAIL ,GAIL-EQ.NS
GUJGASLTD ,GUJGASLTD-BE.NS
KITEX ,KITEX-EQ.NS
GANDHITUBE ,GANDHITUBE.NS
GALLANTT ,GALLANTT-EQ.NS
ONGC ,ONGC-EQ.NS
GAMMONIND ,GAMMONIND.NS
ONGC ,ONGC.NS
GANGOTRI ,GANGOTRI-EQ.NS
GANESHHOUC ,GANESHHOUC-EQ.NS
GANGOTRI ,GANGOTRI.NS
GAYAPROJ ,GAYAPROJ.NS
GALLANTT ,GALLISPAT-EQ.NS
GALLANTT ,GALLANTT.NS
GENUSPOWER ,GENUSPOWER.NS
LYPSAGEMS ,LYPSAGEMS.NS
GENUSPOWER ,GENUSPOWER-EQ.NS
GENESYS ,GENESYS.NS
SHANTIGEAR ,SHANTIGEAR.NS
MOTOGENFIN ,MOTOGENFIN.NS
MOTOGENFIN ,MOTOGENFIN-EQ.NS
LYPSAGEMS ,LYPSAGEMS-EQ.NS
HITECHGEAR ,HITECHGEAR.NS
SHANTIGEAR ,SHANTIGEAR-EQ.NS
GITANJALI ,GITANJALI.NS
GITANJALI ,GITANJALI-EQ.NS
GHCL ,GHCL.NS
GHCL ,GHCL-EQ.NS
PNBGILTS ,PNBGILTS.NS
GIPCL ,GIPCL.NS
GISOLUTION ,GISOLUTION-EQ.NS
GIRRESORTS ,GIRRESORTS-EQ.NS
GILLETTE ,GILLETTE-EQ.NS
GIRRESORTS ,GIRRESORTS.NS
GINNIFILA ,GINNIFILA.NS
GISOLUTION ,GISOLUTION.NS
GILLETTE ,GILLETTE.NS
GKWLIMITED ,GKWLIMITED-EQ.NS
GKWLIMITED ,GKWLIMITED.NS
GLOBUSSPR ,GLOBUSSPR.NS
GLENMARK ,GLENMARK.NS
GLAXO ,GLAXO.NS
SGL ,SGL-EQ.NS
INDIAGLYCO ,INDIAGLYCO.NS
GLENMARK ,GLENMARK-EQ.NS
VAIBHAVGBL ,VAIBHAVGBL-EQ.NS
SEJALLTD ,SEZAL.NS
ONMOBILE ,ONMOBILE-EQ.NS
SGL ,SGL.NS
ONMOBILE ,ONMOBILE.NS
GLOBALVECT ,GLOBALVECT-EQ.NS
HINDNATGLS ,HINDNATGLS.NS
GLOBALVECT ,GLOBALVECT.NS
GLFL ,GLFL-EQ.NS
HGS ,HGS.NS
PGIL ,PGIL.NS
HGS ,HGS-EQ.NS
GMBREW ,GMBREW.NS
GMDCLTD ,GMDCLTD.NS
GMRINFRA ,GMRINFRA-EQ.NS
GMRINFRA ,GMRINFRA.NS
GODREJIND ,GODREJIND.NS
GPIL ,GPIL.NS
GODREJCP ,GODREJCP.NS
GOKUL ,GOKUL.NS
GOLDENTOBC ,GOLDENTOBC.NS
GOACARBON ,GOACARBON-EQ.NS
GOLDTECH ,GOLDTECH-EQ.NS
GOCLCORP ,GOCLCORP.NS
GOLDENTOBC ,GOLDENTOBC-EQ.NS
SHIRPUR-G ,SHIRPUR-G-EQ.NS
SHIRPUR-G ,SHIRPUR-G.NS
GOLDTECH ,GOLDTECH.NS
GOLDIAM ,GOLDIAM.NS
GOCLCORP ,GOCLCORP-EQ.NS
GODREJCP ,GODREJCP-EQ.NS
GODREJPROP ,GODREJPROP.NS
GOLDIAM ,GOLDIAM-EQ.NS
GOODLUCK ,GOODLUCK.NS
GODFRYPHLP ,GODFRYPHLP.NS
GOODLUCK ,GOODLUCK-EQ.NS
GPPL ,GPPL.NS
GULFPETRO ,GULFPETRO-EQ.NS
GULFPETRO ,GULFPETRO.NS
GULFPETRO ,SAHPETRO.NS
GREAVESCOT ,GREAVESCOT.NS
GRANULES ,GRANULES.NS
INVENTURE ,INVENTURE-EQ.NS
GSS ,GSS.NS
GTLINFRA ,GTLINFRA.NS
GTL ,GTL.NS
GTL ,GTL-EQ.NS
GULFOILLUB ,GULFOILLUB-EQ.NS
GULFOILLUB ,GULFOILLUB.NS
GULPOLY ,GULPOLY.NS
TIMESGTY ,TIMESGTY.NS
TIMESGTY ,TIMESGTY-EQ.NS
GVKPIL ,GVKPIL.NS
GVKPIL ,GVKPIL-EQ.NS
TAJGVK ,TAJGVK.NS
HAVELLS ,HAVELLS-EQ.NS
HARRMALAYA ,HARRMALAYA.NS
HAVELLS ,HAVELLS.NS
HBLPOWER ,HBLPOWER.NS
HBSL ,HBSTOCK.NS
HCLTECH ,HCLTECH.NS
HCL-INSYS ,HCL-INSYS-EQ.NS
HCG ,HCG.NS
HCL-INSYS ,HCL-INSYS.NS
HDFC ,HDFC-EQ.NS
HEIDELBERG ,HEIDELBERG.NS
TTKHLTCARE ,TTKHLTCARE-EQ.NS
HEG ,HEG.NS
HEXATRADEX ,HEXATRADEX.NS
HERCULES ,HERCULES-EQ.NS
HEIDELBERG ,HEIDELBERG-EQ.NS
HERCULES ,HERCULES.NS
TTKHLTCARE ,TTKHLTCARE.NS
HEROMOTOCO ,HEROMOTOCO.NS
HEXATRADEX ,HEXATRADEX-EQ.NS
HINDMOTORS ,HINDMOTORS.NS
HINDPETRO ,HINDPETRO-EQ.NS
HINDCOMPOS ,HINDCOMPOS.NS
HMVL ,HMVL-EQ.NS
HITECHCORP ,HITECHPLAS.NS
HINDMOTORS ,HINDMOTORS-EQ.NS
HINDCOPPER ,HINDCOPPER.NS
HIKAL ,HIKAL.NS
HINDCOPPER ,HINDCOPPER-EQ.NS
BAJAJHIND ,BAJAJHIND.NS
JCHAC ,HITACHIHOM.NS
SRHHYPOLTD ,SRHHYPOLTD-EQ.NS
HINDALCO ,HINDALCO.NS
HIKAL ,HIKAL-EQ.NS
HIMATSEIDE ,HIMATSEIDE.NS
HINDUNILVR ,HINDUNILVR-EQ.NS
BAJAJHLDNG ,BAJAJHLDNG.NS
HMT ,HMT.NS
NH ,NH-EQ.NS
NH ,NH.NS
HTMEDIA ,HTMEDIA.NS
INDIANHUME ,INDIANHUME.NS
HUBTOWN ,HUBTOWN.NS
IBULHSGFIN ,IBULHSGFIN-EQ.NS
ICICIBANK ,ICICIBANK-EQ.NS
ICSA ,ICSA-EQ.NS
ICRA ,ICRA.NS
ICSA ,ICSA.NS
IDFC ,IDFC.NS
IDBI ,IDBI-EQ.NS
IFCI ,IFCI.NS
IFBIND ,IFBIND.NS
IFGLEXPOR ,IFGLREFRAC.NS
IFCI ,IFCI-EQ.NS
IGARASHI ,IGARASHI.NS
IGPL ,IGPL-EQ.NS
IGPL ,IGPL.NS
IITL ,IITL.NS
IIFL ,IIFL-EQ.NS
IIFL ,IIFL.NS
IITL ,IITL-EQ.NS
IVC ,IVC-EQ.NS
IL&FSENGG ,IL&FSENGG.NS
IL&FSTRANS ,IL&FSTRAN.NS
IVC ,IVC.NS
IL&FSTRANS ,IL&FSTRANS.NS
INDLMETER ,INDLMETER.NS
IOB ,IOB.NS
IOC ,IOC.NS
IPCALAB ,IPCALAB-EQ.NS
IPCALAB ,IPCALAB.NS
JISLJALEQS ,JISLJALEQS-EQ.NS
SUNFLAG ,SUNFLAG.NS
ISMTLTD ,ISMTLTD.NS
ISFT ,ISFT.NS
SATHAISPAT ,SATHAISPAT-EQ.NS
SMLISUZU ,SMLISUZU.NS
SATHAISPAT ,SATHAISPAT.NS
ISMTLTD ,ISMTLTD-EQ.NS
ITC ,ITC.NS
PILITA ,PILITA-EQ.NS
PILITA ,PILIND.NS
ITI ,ITI.NS
PILITA ,PILITA.NS
ITC ,ITC-EQ.NS
IVRCLINFRA ,IVRCLINFRA.NS
IVRCLINFRA ,IVRCLINFRA-EQ.NS
IVP ,IVP.NS
IZMO ,IZMO-EQ.NS
IZMO ,IZMO.NS
JAGSNPHARM ,JAGSNPHARM.NS
JAINSTUDIO ,JAINSTUDIO.NS
JAYNECOIND ,JAYNECOIND.NS
JAYSREETEA ,JAYSREETEA-EQ.NS
JAICORPLTD ,JAICORPLTD-EQ.NS
JAINSTUDIO ,JAINSTUDIO-EQ.NS
JAYSREETEA ,JAYSREETEA.NS
JPINFRATEC ,JPINFRATEC.NS
JBMA ,JBMA-EQ.NS
JBCHEPHARM ,JBCHEPHARM.NS
JBCHEPHARM ,JBCHEPHARM-EQ.NS
JBMA ,JBMA.NS
THANGAMAYL ,THANGAMAYL-EQ.NS
THANGAMAYL ,THANGAMAYL.NS
JHS ,JHS.NS
JHS ,JHS-EQ.NS
JSLHISAR ,JSLHISAR.NS
JINDALSTEL ,JINDALSTEL-EQ.NS
JIKIND ,JIKIND.NS
JINDALSTEL ,JINDALSTEL.NS
JINDALPOLY ,JINDALPOLY.NS
JINDALSAW ,JINDALSAW-EQ.NS
JINDALPOLY ,JINDALPOLY-EQ.NS
JSL ,JSL.NS
JMTAUTOLTD ,JMTAUTOLTD.NS
JMCPROJECT ,JMCPROJECT.NS
JOCIL ,JOCIL.NS
JYOTISTRUC ,JYOTISTRUC.NS
KAMDHENU ,KAMDHENU.NS
KALPATPOWR ,KALPATPOWR.NS
KANANIIND ,KANANIIND.NS
KANSAINER ,KANSAINER-EQ.NS
KAVVERITEL ,KAVVERITEL-EQ.NS
KAMDHENU ,KIL.NS
KAYA ,KAYA-EQ.NS
KSL ,KSL-EQ.NS
KAYA ,KAYA-BE.NS
KSCL ,KSCL-EQ.NS
KAMATHOTEL ,KAMATHOTEL.NS
KANANIIND ,KANANIIND-EQ.NS
KAMATHOTEL ,KAMATHOTEL-EQ.NS
KARURVYSYA ,KARURVYSYA.NS
KAYA ,KAYA.NS
PKTEA ,PKTEA-EQ.NS
KTKBANK ,KTKBANK.NS
PKTEA ,PKTEA.NS
KAUSHALYA ,KAUSHALYA-EQ.NS
KANORICHEM ,KANORICHEM.NS
KICL ,KICL.NS
KAVVERITEL ,KAVVERITEL.NS
KCP ,KCP.NS
KDDL ,KDDL.NS
KEC ,KEC-EQ.NS
KEI ,KEI.NS
KERNEX ,KERNEX.NS
KELLTONTEC ,KELLTONTEC.NS
KESORAMIND ,KESORAMIND.NS
SHK ,SHK.NS
KESORAMIND ,KESORAMIND-EQ.NS
KHANDSE ,KHANDSE-EQ.NS
RADICO ,RADICO.NS
RADICO ,RADICO-EQ.NS
KHANDSE ,KHANDSE.NS
KHAITANLTD ,KHAITANLTD.NS
KHAITANLTD ,KHAITANLTD-EQ.NS
KIRIINDUS ,KIRIINDUS.NS
KIRLOSIND ,KIRLOSIND-EQ.NS
KIRLOSENG ,KIRLOSENG-EQ.NS
KIRLOSIND ,KIRLOSIND.NS
KMSUGAR ,KMSUGAR-EQ.NS
KMSUGAR ,KMSUGAR.NS
KOTHARIPET ,KOTHARIPET-EQ.NS
KOLTEPATIL ,KOLTEPATIL-EQ.NS
KOTHARIPET ,KOTHARIPET.NS
KOKUYOCMLN ,KOKUYOCMLN.NS
KOLTEPATIL ,KOLTEPATIL.NS
KPRMILL ,KPRMILL-EQ.NS
KRIDHANINF ,KRIDHANINF-EQ.NS
KRBL ,KRBL.NS
KRIDHANINF ,KRIDHANINF.NS
KSK ,KSK-EQ.NS
LT ,LT.NS
MOREPENLAB ,MOREPENLAB.NS
LYKALABS ,LYKALABS.NS
UNICHEMLAB ,UNICHEMLAB.NS
PENINLAND ,PENINLAND-EQ.NS
LAMBODHARA ,LAMBODHARA-EQ.NS
LPDC ,LPDC-EQ.NS
LAKPRE ,LAKPRE.NS
NEULANDLAB ,NEULANDLAB-EQ.NS
LAMBODHARA ,LAMBODHARA.NS
VIVIMEDLAB ,VIVIMEDLAB.NS
INDSWFTLAB ,INDSWFTLAB.NS
NEULANDLAB ,NEULANDLAB.NS
VIMTALABS ,VIMTALABS-EQ.NS
LT ,LT-EQ.NS
LAXMIMACH ,LAXMIMACH.NS
LFIC ,LFIC-EQ.NS
INDSWFTLAB ,INDSWFTLAB-EQ.NS
PENINLAND ,PENINLAND.NS
CAPLIPOINT ,CAPLIPOINT.NS
VIVIMEDLAB ,VIVIMEDLAB-EQ.NS
MOREPENLAB ,MOREPENLAB-EQ.NS
LAKSHMIEFL ,LAKSHMIEFL.NS
LYKALABS ,LYKALABS-EQ.NS
LFIC ,LFIC.NS
LCCINFOTEC ,LCCINFOTEC.NS
LCCINFOTEC ,LCCINFOTEC-EQ.NS
INOXLEISUR ,INOXLEISUR-EQ.NS
INOXLEISUR ,INOXLEISUR.NS
LGBBROSLTD ,LGBBROSLTD.NS
SUVEN ,SUVEN.NS
SONATSOFTW ,SONATSOFTW.NS
SNOWMAN ,SNOWMAN-EQ.NS
RPGLIFE ,RPGLIFE.NS
PREMIERPOL ,PREMIERPOL-EQ.NS
PARACABLES ,PARACABLES-EQ.NS
MCLEODRUSS ,MCLEODRUSS.NS
COUNCODOS ,COUNCODOS.NS
COROMANDEL ,COROMANDEL.NS
RMMIL ,RMMIL.NS
RMMIL ,RMMIL-EQ.NS
REFEX ,REFEX-EQ.NS
PRAKASH ,PRAKASH-EQ.NS
MOIL ,MOIL.NS
NILAINFRA ,NILAINFRA-EQ.NS
SYMPHONY ,SYMPHONY.NS
NECLIFE ,NECLIFE.NS
ORIENTLTD ,ORIENTLTD-EQ.NS
MCLEODRUSS ,MCLEODRUSS-EQ.NS
ENGINERSIN ,ENGINERSIN-EQ.NS
PONNIERODE ,PONNIERODE-EQ.NS
THERMAX ,THERMAX-EQ.NS
PHOENIXLTD ,PHOENIXLTD.NS
GRPLTD ,GRPLTD-EQ.NS
INSECTICID ,INSECTICID-EQ.NS
TORNTPHARM ,TORNTPHARM-EQ.NS
SKFINDIA ,SKFINDIA-EQ.NS
POLYPLEX ,POLYPLEX-EQ.NS
TATAMETALI ,TATAMETALI-EQ.NS
BANCOINDIA ,BANCOINDIA.NS
UPL ,UPL.NS
VRLLOG ,VRLLOG-EQ.NS
STEL ,STEL-EQ.NS
INDUSINDBK ,INDUSINDBK.NS
MOLDTKPAC ,MOLDTKPAC-EQ.NS
MCDHOLDING ,MCDHOLDING-EQ.NS
GREAVESCOT ,GREAVESCOT-EQ.NS
TNTELE ,TNTELE-EQ.NS
UNIVCABLES ,UNIVCABLES-EQ.NS
GRAVITA ,GRAVITA.NS
TECHIN ,TECHIN-BE.NS
SHARDAMOTR ,SHARDAMOTR-EQ.NS
NITCO ,NITCO-EQ.NS
UNITY ,UNITY-EQ.NS
PROZONINTU ,PROZONINTU-EQ.NS
TATASTEEL ,TATASTEEL-EQ.NS
INDOTECH ,INDOTECH-EQ.NS
SUPREMEIND ,SUPREMEIND-EQ.NS
MBLINFRA ,MBLINFRA-EQ.NS
GRAVITA ,GRAVITA-EQ.NS
DELTAMAGNT ,DELTAMAGNT-EQ.NS
PUNJLLOYD ,PUNJLLOYD.NS
PETRONET ,PETRONET-EQ.NS
PETRONET ,PETRONET.NS
SICAL ,SICAL.NS
PATINTLOG ,PATINTLOG.NS
SHREYAS ,SHREYAS.NS
LOVABLE ,LOVABLE.NS
LOKESHMACH ,LOKESHMACH.NS
SNOWMAN ,SNOWMAN.NS
LOVABLE ,LOVABLE-EQ.NS
VRLLOG ,VRLLOG.NS
SAKHTISUG ,SAKHTISUG.NS
PRIMESECU ,PRIMESECU.NS
INFOMEDIA ,INFOMEDIA.NS
TVSMOTOR ,TVSMOTOR.NS
TTML ,TTML.NS
TRF ,TRF.NS
TITAN ,TITAN.NS
TIJARIA ,TIJARIA.NS
TI ,TI.NS
THERMAX ,THERMAX.NS
TATAMOTORS ,TATAMTRDVR.NS
TATACOMM ,TATACOMM.NS
TAKE ,TAKE.NS
SURANASOL ,SURANASOL.NS
LUXIND ,LUXIND.NS
LUMAXIND ,LUMAXIND-EQ.NS
LUMAXTECH ,LUMAXTECH-EQ.NS
LUXIND ,LUXIND-EQ.NS
LUMAXIND ,LUMAXIND.NS
MTNL ,MTNL.NS
MASTEK ,MASTEK.NS
MARKSANS ,MARKSANS.NS
MALUPAPER ,MALUPAPER.NS
MHRIL ,MHRIL-EQ.NS
MANINDS ,MANINDS.NS
MARICO ,MARICO.NS
RMCL ,RMCL-EQ.NS
M&MFIN ,M&MFIN.NS
MANAKSTEEL ,MANAKSTEEL.NS
MARALOVER ,MARALOVER-EQ.NS
MANINFRA ,MANINFRA.NS
MBLINFRA ,MBLINFRA.NS
MCDOWELL-N ,MCDOWELL-N-EQ.NS
MCDHOLDING ,MCDHOLDING.NS
SAMBHAAV ,SAMBHAAV.NS
RADAAN ,RADAAN.NS
PRECOT ,PRECOT.NS
POLYMED ,POLYMED.NS
MEGASOFT ,MEGASOFT-EQ.NS
MEP ,MEP.NS
SHILPAMED ,SHILPAMED.NS
MEP ,MEP-EQ.NS
MELSTAR ,MELSTAR.NS
MOL ,MEGH-EQ.NS
RATNAMANI ,RATNAMANI.NS
INDRAMEDCO ,INDRAMEDCO-EQ.NS
INDRAMEDCO ,INDRAMEDCO.NS
INDBANK ,INDBANK-EQ.NS
POWERMECH ,POWERMECH-EQ.NS
MANAKCOAT ,MANAKCOAT-EQ.NS
MFSL ,MFSL.NS
MHRIL ,MHRIL.NS
MIRZAINT ,MIRZAINT.NS
20MICRONS ,20MICRONS.NS
MINDACORP ,MINDACORP.NS
MIRZAINT ,MIRZAINT-EQ.NS
SARDAEN ,SARDAEN.NS
PHOENIXLTD ,PHOENIXLTD-EQ.NS
MMTC ,MMTC.NS
MORARJEE ,MORARJEE.NS
MOHITIND ,MOHITIND.NS
MOHITIND ,MOHITIND-EQ.NS
MORARJEE ,MORARJEE-EQ.NS
MOLDTKPAC ,MOLDTKPAC.NS
SHARDAMOTR ,SHARDAMOTR.NS
SANGHVIMOV ,SANGHVIMOV.NS
MOTILALOFS ,MOTILALOFS-EQ.NS
SANGHVIMOV ,SANGHVIMOV-EQ.NS
UFO ,UFO-EQ.NS
MPHASIS ,MPHASIS.NS
MPSLTD ,MPSLTD.NS
MPSLTD ,MPSLTD-EQ.NS
MRF ,MRF-EQ.NS
MRO-TEK ,MRO-TEK.NS
MRO-TEK ,MRO-TEK-EQ.NS
MSPL ,MSPL.NS
SHREERAMA ,SHREERAMA.NS
SUNDARAM ,SUNDARAM.NS
3RDROCK ,3RDROCK.NS
MUKANDLTD ,MUKANDLTD.NS
MUNJALSHOW ,MUNJALSHOW.NS
3RDROCK ,3RDROCK-EQ.NS
MUKANDLTD ,MUKANDLTD-EQ.NS
MUTHOOTCAP ,MUTHOOTCAP-EQ.NS
SHREERAMA ,SHREERAMA-EQ.NS
MUTHOOTCAP ,MUTHOOTCAP.NS
MVL ,MVL.NS
MVL ,MVL-EQ.NS
NAVKARCORP ,NAVKARCORP.NS
NATCOPHARM ,NATCOPHARM.NS
NAKODA ,NAKODA.NS
NAKODA ,NAKODA-EQ.NS
NSIL ,NSIL.NS
PNC ,PNC-EQ.NS
TNPL ,TNPL-EQ.NS
NAHARSPING ,NAHARSPING.NS
NAGREEKCAP ,NAGREEKCAP.NS
NDL ,NDL-EQ.NS
NATCOPHARM ,NATCOPHARM-EQ.NS
NAVKARCORP ,NAVKARCORP-EQ.NS
PNB ,PNB.NS
NAHARINDUS ,NAHARINDUS-EQ.NS
PNB ,PNB-EQ.NS
NAGREEKCAP ,NAGREEKCAP-EQ.NS
NAHARINDUS ,NAHARINDUS.NS
TNPL ,TNPL.NS
NCC ,NCC.NS
NCLIND ,NCLIND-EQ.NS
NDTV ,NDTV.NS
NECLIFE ,NECLIFE-EQ.NS
SUNTV ,SUNTV.NS
NESCO ,NESCO.NS
RAJTV ,RAJTV.NS
NETWORK18 ,NETWORK18.NS
NEXTMEDIA ,NEXTMEDIA.NS
NELCAST ,NELCAST-EQ.NS
TVTODAY ,TVTODAY.NS
NESCO ,NESCO-EQ.NS
DEN ,DEN.NS
TVTODAY ,TVTODAY-EQ.NS
SMARTLINK ,SMARTLINK.NS
NEXTMEDIA ,NEXTMEDIA-EQ.NS
RAJTV ,RAJTV-EQ.NS
NELCO ,NELCO-EQ.NS
SITINET ,SITICABLE.NS
SPCENET ,NGCT.NS
NILKAMAL ,NILKAMAL-EQ.NS
NIITLTD ,NIITLTD-EQ.NS
NITINSPIN ,NITINSPIN.NS
DEEPAKNTR ,DEEPAKNTR.NS
TECHIN ,TECHIN-EQ.NS
NITINSPIN ,NITINSPIN-EQ.NS
BALKRISHNA ,NIRVIKARA.NS
NIPPOBATRY ,NIPPOBATRY.NS
NILAINFRA ,NILAINFRA.NS
NITINFIRE ,NITINFIRE-EQ.NS
NILKAMAL ,NILKAMAL.NS
NITCO ,NITCO.NS
TECHIN ,TECHIN.NS
NKIND ,NKIND.NS
NOCIL ,NOCIL-EQ.NS
DENORA ,DENORA-EQ.NS
GRINDWELL ,GRINDWELL.NS
DENORA ,DENORA.NS
NRBBEARING ,NRBBEARING-EQ.NS
NUTEK ,NUTEK.NS
OCCL ,OCCL.NS
SCI ,SCI.NS
TINPLATE ,TINPLATE.NS
POWERGRID ,POWERGRID-EQ.NS
STCINDIA ,STCINDIA.NS
SAIL ,SAIL.NS
TINPLATE ,TINPLATE-EQ.NS
BANKBARODA ,BANKBARODA.NS
TFCILTD ,TFCILTD.NS
WHIRLPOOL ,WHIRLPOOL-EQ.NS
OILCOUNTUB ,OILCOUNTUB.NS
ROML ,RAJOIL.NS
SOTL ,SOTL.NS
SOTL ,SOTL-EQ.NS
OMKARCHEM ,OMKARCHEM.NS
OMAXE ,OMAXE-EQ.NS
ONELIFECAP ,ONELIFECAP-EQ.NS
ORIENTALTL ,ORIENTALTL.NS
ORIENTLTD ,ORIENTLTD.NS
VINATIORGA ,VINATIORGA-EQ.NS
ORICONENT ,ORICONENT-EQ.NS
ORIENTPPR ,ORIENTPPR-EQ.NS
ORIENTPPR ,ORIENTPPR.NS
ORTEL ,ORTEL.NS
ORTEL ,ORTEL-EQ.NS
ORIENTALTL ,ORIENTALTL-EQ.NS
MOL ,MEGH.NS
ORICONENT ,ORICONENT.NS
ORISSAMINE ,ORISSAMINE.NS
GREENPOWER ,GREENPOWER.NS
GREENPOWER ,GREENPOWER-EQ.NS
ORIENTHOT ,ORIENTHOT-EQ.NS
VINATIORGA ,VINATIORGA.NS
ORCHPHARMA ,ORCHIDPHAR.NS
ORIENTHOT ,ORIENTHOT.NS
SIGIND ,SIGNETIND.NS
MARALOVER ,MARALOVER.NS
PAGEIND ,PAGEIND.NS
RAINBOWPAP ,RAINBOWPAP.NS
PARSVNATH ,PARSVNATH.NS
PALREDTEC ,PALRED.NS
PANAMAPET ,PANAMAPET-EQ.NS
SHALPAINTS ,SHALPAINTS-EQ.NS
SHALPAINTS ,SHALPAINTS.NS
PARASPETRO ,PARASPETRO-EQ.NS
PARACABLES ,PARACABLES.NS
MALUPAPER ,MALUPAPER-EQ.NS
RAINBOWPAP ,RAINBOWPAP-EQ.NS
PANAMAPET ,PANAMAPET.NS
STARPAPER ,STARPAPER.NS
PDMJEPAPER ,PDMJEPAPER.NS
SPIC ,SPIC.NS
PEARLPOLY ,PEARLPOLY-EQ.NS
PEARLPOLY ,PEARLPOLY.NS
PENIND ,PENIND.NS
PARASPETRO ,PARASPETRO.NS
SPLPETRO ,SUPPETRO.NS
CHENNPETRO ,CHENNPETRO.NS
PERSISTENT ,PERSISTENT.NS
TNPETRO ,TNPETRO.NS
SPIC ,SPIC-EQ.NS
MANALIPETC ,MANALIPETC-EQ.NS
MANALIPETC ,MANALIPETC.NS
PFIZER ,PFIZER.NS
SMSPHARMA ,SMSPHARMA.NS
LINCOLN ,LINCOLN-EQ.NS
SUNPHARMA ,SUNPHARMA-EQ.NS
TORNTPHARM ,TORNTPHARM.NS
SMSPHARMA ,SMSPHARMA-EQ.NS
BALPHARMA ,BALPHARMA.NS
LINCOLN ,LINCOLN.NS
PIIND ,PIIND.NS
PILANIINVS ,PILANIINVS.NS
PILANIINVS ,PILANIINVS-EQ.NS
PIDILITIND ,PIDILITIND-EQ.NS
PIDILITIND ,PIDILITIND.NS
TEXMOPIPES ,TEXMOPIPES.NS
PLASTIBLEN ,PLASTIBLEN.NS
PNCINFRA ,PNCINFRA.NS
PNCINFRA ,PNCINFRA-EQ.NS
PONNIERODE ,PONNIERODE.NS
PREMIERPOL ,PREMIERPOL.NS
SEPOWER ,SEPOWER-EQ.NS
RTNPOWER ,RTNPOWER-EQ.NS
POLYPLEX ,POLYPLEX.NS
HONDAPOWER ,HONDAPOWER.NS
RPOWER ,RPOWER.NS
VARDMNPOLY ,VARDMNPOLY.NS
TORNTPOWER ,TORNTPOWER.NS
RTNPOWER ,RTNPOWER.NS
SEPOWER ,SEPOWER.NS
VIVIDHA ,VIVIDHA-EQ.NS
POWERMECH ,POWERMECH.NS
VIVIDHA ,VIVIDHA.NS
SPYL ,SPYL.NS
POLYMED ,POLYMED-EQ.NS
CAREERP ,CAREERP.NS
TATAPOWER ,TATAPOWER.NS
TDPOWERSYS ,TDPOWERSYS.NS
PREMIER ,PREMIER.NS
PURVA ,PURVA.NS
TTKPRESTIG ,TTKPRESTIG.NS
PRAKASHSTL ,PRAKASHSTL.NS
PRATIBHA ,PRATIBHA.NS
PSL ,PSL.NS
PSL ,PSL-BE.NS
PSL ,PSL-EQ.NS
PSB ,PSB.NS
PTC ,PTC.NS
PTL ,PTL.NS
PURVA ,PURVA-EQ.NS
SHAKTIPUMP ,SHAKTIPUMP.NS
PVR ,PVR.NS
PVP ,PVP.NS
RANASUG ,RANASUG.NS
RAMKY ,RAMKY.NS
RAJVIR ,RAJVIR.NS
INGERRAND ,INGERRAND.NS
RAMASTEEL ,RAMASTEEL.NS
RAJRILTD ,RAJRAYON.NS
RAYMOND ,RAYMOND.NS
INDORAMA ,INDORAMA.NS
RAMKY ,RAMKY-EQ.NS
RAIN ,RAIN-EQ.NS
RALLIS ,RALLIS.NS
RAMCOIND ,RAMCOIND.NS
INDORAMA ,INDORAMA-EQ.NS
RANEENGINE ,RANEENGINE.NS
RAJSREESUG ,RAJSREESUG-EQ.NS
RAMASTEEL ,RAMASTEEL-EQ.NS
SRHHYPOLTD ,SRHHYPOLTD.NS
RAMASTEEL ,RAMASTEEL-BE.NS
RBL ,RBL-EQ.NS
RANEHOLDIN ,RANEHOLDIN.NS
RML ,RML.NS
RAIN ,RAIN.NS
RAMCOSYS ,RAMCOSYS.NS
RMCL ,RMCL.NS
RCOM ,RCOM.NS
RIIL ,RIIL.NS
REDINGTON ,REDINGTON.NS
RIIL ,RIIL-EQ.NS
RICOAUTO ,RICOAUTO.NS
ROLTA ,ROLTA.NS
SURYAROSNI ,SURYAROSNI.NS
ROSSELLIND ,ROSSELLIND.NS
RPPINFRA ,RPPINFRA.NS
RPGLIFE ,RPGLIFE-EQ.NS
RSYSTEMS ,RSYSTEMS.NS
RSSOFTWARE ,RSSOFTWARE.NS
RSWM ,RSWM.NS
RUCHIRA ,RUCHIRA.NS
RUSHIL ,RUSHIL.NS
RUPA ,RUPA.NS
RUPA ,RUPA-EQ.NS
RUBYMILLS ,RUBYMILLS.NS
RUCHINFRA ,RUCHINFRA.NS
SANGHIIND ,SANGHIIND.NS
SAKSOFT ,SAKSOFT.NS
SAREGAMA ,SAREGAMA.NS
SAKSOFT ,SAKSOFT-EQ.NS
SANDESH ,SANDESH.NS
SANGAMIND ,SANGAMIND.NS
THOMASCOTT ,THOMASCOTT.NS
THOMASCOTT ,THOMASCOTT-EQ.NS
MAHSCOOTER ,MAHSCOOTER.NS
SEQUENT ,SEQUENT.NS
CAMLINFINE ,CAMLINFINE-EQ.NS
MAHSEAMLES ,MAHSEAMLES.NS
INVENTURE ,INVENTURE.NS
SHYAMTEL ,SHYAMTEL.NS
SHIVATEX ,SHIVTEX.NS
SHOPERSTOP ,SHOPERSTOP.NS
SHEMAROO ,SHEMAROO-EQ.NS
SHIVAMAUTO ,SHIVAMAUTO.NS
LIBERTSHOE ,LIBERTSHOE.NS
SHOPERSTOP ,SHOPERSTOP-EQ.NS
RENUKA ,RENUKA.NS
SHREYANIND ,SHREYANIND-EQ.NS
RENUKA ,RENUKA-EQ.NS
STAR ,STAR.NS
SHREYANIND ,SHREYANIND.NS
SIMBHALS ,SIMBHALS.NS
SIMPLEXINF ,SIMPLEXINF-EQ.NS
SIYSIL ,SIYSIL.NS
SIYSIL ,SIYSIL-EQ.NS
SIMBHALS ,SIMBHSUGAR-EQ.NS
SILINV ,SILINV.NS
SIL ,SIL-EQ.NS
SINTEX ,SINTEX.NS
SIL ,SIL.NS
SIMPLEXINF ,SIMPLEXINF.NS
SJVN ,SJVN.NS
SKIPPER ,SKIPPER.NS
SKIL ,SKIL-EQ.NS
SKIL ,SKIL.NS
SKIPPER ,SKIPPER-EQ.NS
SOLARINDS ,SOLARINDS.NS
TANLA ,TANLA-EQ.NS
COMPUSOFT ,COMPUSOFT.NS
SOMATEX ,SOMATEX-EQ.NS
SURANASOL ,SURANASOL-EQ.NS
COMPUSOFT ,COMPUSOFT-EQ.NS
CALSOFT ,CALSOFT.NS
SOBHA ,SOBHA.NS
AURIONPRO ,AURIONPRO.NS
SOBHA ,SOBHA-EQ.NS
SONATSOFTW ,SONATSOFTW-EQ.NS
SOMATEX ,SOMATEX.NS
SPMLINFRA ,SPMLINFRA.NS
SPENTEX ,SPENTEX.NS
SPECIALITY ,SPECIALITY.NS
SPLIL ,SPLIL.NS
VSSL ,VSSL.NS
SRF ,SRF.NS
SREEL ,SREEL.NS
SREINFRA ,SREINFRA.NS
SREEL ,SREEL-EQ.NS
TVSSRICHAK ,TVSSRICHAK.NS
VEDL ,SSLT.NS
STLTECH ,STRTECH.NS
VISASTEEL ,VISASTEEL.NS
STERTOOLS ,STERTOOLS.NS
STLTECH ,STRTECH-EQ.NS
PRAKASHSTL ,PRAKASHSTL-EQ.NS
STERTOOLS ,STERTOOLS-EQ.NS
STEL ,STEL.NS
SUPREMEINF ,SUPREMEINF.NS
SUZLON ,SUZLON.NS
SUNTECK ,SUNTECK.NS
SUMEETINDS ,SUMEETINDS.NS
SUNCLAYLTD ,SUNCLAYLTD.NS
SUPRAJIT ,SUPRAJIT-EQ.NS
SUPRAJIT ,SUPRAJIT.NS
SUPERHOUSE ,SUPERHOUSE.NS
SUMMITSEC ,SUMMITSEC.NS
MAWANASUG ,MAWANASUG.NS
SUPREMEIND ,SUPREMEIND.NS
SUPERHOUSE ,SUPERHOUSE-EQ.NS
SUPERSPIN ,SUPERSPIN.NS
SURYALAXMI ,SURYALAXMI.NS
UTTAMSUGAR ,UTTAMSUGAR.NS
NTL ,SUJANATWR.NS
UTTAMSUGAR ,UTTAMSUGAR-EQ.NS
SUPERSPIN ,SUPERSPIN-EQ.NS
SUNDARMFIN ,SUNDARMFIN-EQ.NS
SAKHTISUG ,SAKHTISUG-EQ.NS
SUBEXLTD ,SUBEX.NS
SUBEXLTD ,SUBEX-EQ.NS
SUMEETINDS ,SUMEETINDS-EQ.NS
SWANENERGY ,SWANENERGY.NS
SWELECTES ,SWELECTES.NS
SYNGENE ,SYNGENE-EQ.NS
SYNGENE ,SYNGENE.NS
BANSWRAS ,BANSWRAS.NS
PRAENG ,PRAENG.NS
SYMPHONY ,SYMPHONY-EQ.NS
WEBELSOLAR ,WEBELSOLAR-EQ.NS
TALBROAUTO ,TALBROAUTO.NS
TATAMETALI ,TATAMETALI.NS
TARMAT ,TARMAT.NS
TANTIACONS ,TANTIACONS-EQ.NS
TALBROAUTO ,TALBROAUTO-EQ.NS
TNTELE ,TNTELE.NS
TTML ,TTML-EQ.NS
TATAINVEST ,TATAINVEST.NS
TANTIACONS ,TANTIACONS.NS
TANTIACONS ,TANTIACON.NS
TATACOFFEE ,TATACOFFEE.NS
TATAINVEST ,TATAINVEST-EQ.NS
TANLA ,TANLA.NS
TARAPUR ,TARAPUR.NS
TCIFINANCE ,TCIFINANCE-EQ.NS
TEAMLEASE ,TEAMLEASE.NS
TIIL ,TIIL.NS
VTL ,VTL-EQ.NS
TFL ,TFL.NS
TFL ,TFL-EQ.NS
THOMASCOOK ,THOMASCOOK-EQ.NS
INDOTHAI ,INDOTHAI.NS
TIMETECHNO ,TIMETECHNO.NS
TIL ,TIL.NS
TIL ,TIL-EQ.NS
TIMKEN ,TIMKEN.NS
TIIL ,TIIL-EQ.NS
TIPSINDLTD ,TIPSINDLTD.NS
TIMKEN ,TIMKEN-EQ.NS
TIPSINDLTD ,TIPSINDLTD-EQ.NS
TWL ,TWL.NS
TITAN ,TITAN-IL.NS
VSTTILLERS ,VSTTILLERS-EQ.NS
TOKYOPLAST ,TOKYOPLAST-EQ.NS
TOKYOPLAST ,TOKYOPLAST.NS
TPLPLASTEH ,TPLPLASTEH-EQ.NS
TPLPLASTEH ,TPLPLASTEH.NS
TRIL ,TRIL.NS
TRIVENI ,TRIVENI.NS
TRIGYN ,TRIGYN-EQ.NS
TTL ,TTL-EQ.NS
TTL ,TTL.NS
TRITURBINE ,TRITURBINE.NS
UCOBANK ,UCOBANK.NS
UFLEX ,UFLEX-EQ.NS
UJAAS ,UJAAS-EQ.NS
UJAAS ,UJAAS.NS
CARBORUNIV ,CARBORUNIV-EQ.NS
UNITY ,UNITY.NS
UNIPLY ,UNIPLY-EQ.NS
CARBORUNIV ,CARBORUNIV.NS
UNIVCABLES ,UNIVCABLES.NS
MAYURUNIQ ,MAYURUNIQ.NS
UNITECH ,UNITECH-EQ.NS
UPL ,UPL-EQ.NS
VTL ,VTL.NS
VAKRANGEE ,VAKRANGEE-EQ.NS
VASCONEQ ,VASCONEQ-EQ.NS
VAKRANGEE ,VAKRANGEE.NS
WABAG ,WABAG.NS
VALUEIND ,VALUEIND.NS
VENUSREM ,VENUSREM.NS
VENKEYS ,VENKEYS.NS
VEDL ,VEDL-EQ.NS
VENUSREM ,VENUSREM-EQ.NS
VEDL ,VEDL.NS
MAGNUM ,MAGNUM-EQ.NS
VGUARD ,VGUARD.NS
VISESHINFO ,VISESHINFO.NS
VISHNU ,VISHNU-EQ.NS
VIPULLTD ,VIPUL.NS
VISESHINFO ,VISESHINFO-EQ.NS
VINDHYATEL ,VINDHYATEL.NS
VINDHYATEL ,VINDHYATEL-EQ.NS
VINYLINDIA ,VINYLINDIA-EQ.NS
VICEROY ,VICEROY.NS
VISHNU ,VISHNU.NS
VIPULLTD ,VIPULLTD.NS
VLSFINANCE ,VLSFINANCE-EQ.NS
VMART ,VMART-IL.NS
VMART ,VMART-EQ.NS
VOLTAMP ,VOLTAMP-EQ.NS
WALCHANNAG ,WALCHANNAG-EQ.NS
WALCHANNAG ,WALCHANNAG.NS
WELCORP ,WELCORP.NS
WEIZMANIND ,WEIZMANIND.NS
WELENT ,WELENT-EQ.NS
WHEELS ,WHEELS.NS
INOXWIND ,INOXWIND-EQ.NS
PRECWIRE ,PRECWIRE.NS
INOXWIND ,INOXWIND.NS
WINDMACHIN ,WINDMACHIN.NS
WONDERLA ,WONDERLA-EQ.NS
WSI ,WSI.NS
ADANITRANS ,ADANITRANS-EQ.NS
AUSOMENT ,AUSOMENT.NS
AUTOIND ,AUTOIND.NS
HONAUT ,HONAUT.NS
AUTOLITIND ,AUTOLITIND-EQ.NS
BAJAJFINSV ,BAJAJFINSV.NS
BALAJITELE ,BALAJITELE.NS
BALKRISIND ,BALKRISIND-EQ.NS
BALRAMCHIN ,BALRAMCHIN.NS
BALKRISIND ,BALKRISIND.NS
INDBANK ,INDBANK.NS
BARTRONICS ,BARTRONICS.NS
BARTRONICS ,BARTRONICS-EQ.NS
BATAINDIA ,BATAINDIA.NS
BEARDSELL ,BEARDSELL.NS
BANARBEADS ,BANARBEADS-EQ.NS
MENONBE ,MENONBE-EQ.NS
BRIGADE ,BRIGADE.NS
BRITANNIA ,BRITANNIA.NS
CORDSCABLE ,CORDSCABLE-EQ.NS
FINCABLES ,FINCABLES.NS
CORDSCABLE ,CORDSCABLE.NS
PRECAM ,PRECAM.NS
CANTABIL ,CANTABIL.NS
CANTABIL ,CANTABIL-EQ.NS
CANFINHOME ,CANFINHOME.NS
CANDC ,CANDC-EQ.NS
RELCAPITAL ,RELCAPITAL.NS
CASTROLIND ,CASTROLIND-EQ.NS
MANGCHEFER ,MANGCHEFER.NS
COALINDIA ,COALINDIA.NS
MANAKCOAT ,MANAKCOAT.NS
COLPAL ,COLPAL.NS
THOMASCOOK ,THOMASCOOK.NS
SALONA ,SALONACOT.NS
DELTAMAGNT ,DELTAMAGNT.NS
DELTACORP ,DELTACORP-EQ.NS
MAHLIFE ,MAHLIFE-EQ.NS
INDOWIND ,INDOWIND.NS
ENGINERSIN ,ENGINERSIN.NS
TECHNOFAB ,TECHNOFAB.NS
TECHNOFAB ,TECHNOFAB-EQ.NS
A2ZINFRA ,A2ZINFRA-EQ.NS
FIEMIND ,FIEMIND.NS
FINPIPE ,FINPIPE.NS
SASTASUNDR ,MICROSEC.NS
L&TFH ,L&TFH.NS
REPCOHOME ,REPCOHOME-EQ.NS
REPCOHOME ,REPCOHOME.NS
MANAPPURAM ,MANAPPURAM-EQ.NS
MANAPPURAM ,MANAPPURAM.NS
LICHSGFIN ,LICHSGFIN-EQ.NS
GRASIM ,GRASIM-EQ.NS
GRASIM ,GRASIM.NS
GRAPHITE ,GRAPHITE.NS
GREENLAM ,GREENLAM.NS
GREENPLY ,GREENPLY.NS
GREENLAM ,GREENLAM-EQ.NS
GRPLTD ,GRPLTD.NS
INDHOTEL ,INDHOTEL.NS
HOVS ,HOVS.NS
REMSONSIND ,REMSONSIND.NS
3MINDIA ,3MINDIA.NS
INSECTICID ,INSECTICID.NS
LINDEINDIA ,LINDEINDIA.NS
REPRO ,REPRO-EQ.NS
RESPONIND ,RESPONIND.NS
INDOSOLAR ,INDOSOLAR.NS
INDSWFTLTD ,INDSWFTLTD-EQ.NS
INFY ,INFY.NS
MERCATOR ,MERCATOR-EQ.NS
PRECOT ,PRECOT-EQ.NS
V2RETAIL ,V2RETAIL.NS
SADBHIN ,SADBHIN.NS
TEXINFRA ,TEXINFRA.NS
MELSTAR ,MELSTAR-EQ.NS
SADBHIN ,SADBHIN-EQ.NS
3IINFOLTD ,3IINFOTECH.NS
INFOMEDIA ,INFOMEDIA-EQ.NS
SANOFI ,SANOFI.NS
THEMISMED ,THEMISMED-EQ.NS
TRIDENT ,TRIDENT.NS
MERCATOR ,MERCATOR.NS
INSECTICID ,INSECTICI.NS
COROMANDEL ,COROMANDEL-EQ.NS
LINDEINDIA ,LINDEINDIA-EQ.NS
MADHUCON ,MADHUCON.NS
M&M ,M&M.NS
MANAKSIA ,MANAKSIA.NS
MANINDS ,MANINDS-EQ.NS
SELMC ,SELMCL.NS
MANAKSTEEL ,MANAKSTEEL-EQ.NS
MANUGRAPH ,MANUGRAPH.NS
VIPCLOTHNG ,MAXWELL.NS
SAMBHAAV ,SAMBHAAV-EQ.NS
THEMISMED ,THEMISMED.NS
MINDACORP ,MINDACORP-EQ.NS
PRATIBHA ,PRATIBHA-EQ.NS
PRAKASH ,PRAKASH.NS
PRICOLLTD ,PRICOL-EQ.NS
PROZONINTU ,PROZONINTU.NS
REDINGTON ,REDINGTON-EQ.NS
REFEX ,REFEX.NS
REMSONSIND ,REMSONSIN.NS
REPRO ,REPRO.NS
SANGAMIND ,SANGAMIND-EQ.NS
SEAMECLTD ,SEAMECLTD-EQ.NS
SEAMECLTD ,SEAMECLTD.NS
SPLIL ,SPLIL-EQ.NS
STCINDIA ,STCINDIA-EQ.NS
INDOTECH ,INDOTECH.NS
INDOTHAI ,INDOTHAI-EQ.NS
INDSWFTLTD ,INDSWFTLTD-BE.NS
INDSWFTLTD ,INDSWFTLTD.NS
